ZIPƒtƒ@ƒCƒ‹–¼,o—Í”NŒ“úE,’n”Ô‹æˆæ,’n”Ô,’n”Ô‹æˆæi•MŠE–¢’è’n\¬’n”Ôj,’n”Ôi•MŠE–¢’è’n\¬’n”Ôj
23422-1814-1.zip,202202041337,ŠC•”ŒS”ü˜a’¬‘åš‰Ô³,•MŠE–¢’è’n-1,ŠC•”ŒS”ü˜a’¬‘åš‰Ô³,86
23422-1814-1.zip,202202041337,ŠC•”ŒS”ü˜a’¬‘åš‰Ô³,•MŠE–¢’è’n-1,ŠC•”ŒS”ü˜a’¬‘åš‰Ô³,32-2
23422-1814-1.zip,202202041337,ŠC•”ŒS”ü˜a’¬‘åš‰Ô³,•MŠE–¢’è’n-1,ŠC•”ŒS”ü˜a’¬‘åš‰Ô³,32-3
23422-1814-1.zip,202202041337,ŠC•”ŒS”ü˜a’¬‘åš‰Ô³,•MŠE–¢’è’n-1,ŠC•”ŒS”ü˜a’¬‘åš‰Ô³,33-2
23422-1814-1.zip,202202041337,ŠC•”ŒS”ü˜a’¬‘åš‰Ô³,•MŠE–¢’è’n-1,ŠC•”ŒS”ü˜a’¬‘åš‰Ô³,39-2
23422-1814-1.zip,202202041337,ŠC•”ŒS”ü˜a’¬‘åš‰Ô³,•MŠE–¢’è’n-1,ŠC•”ŒS”ü˜a’¬‘åš‰Ô³,42-3
23422-1814-1.zip,202202041337,ŠC•”ŒS”ü˜a’¬‘åš‰Ô³,•MŠE–¢’è’n-1,ŠC•”ŒS”ü˜a’¬‘åš‰Ô³,43-2
23422-1814-1.zip,202202041337,ŠC•”ŒS”ü˜a’¬‘åš‰Ô³,•MŠE–¢’è’n-1,ŠC•”ŒS”ü˜a’¬‘åš‰Ô³,43-3
23422-1814-1.zip,202202041337,ŠC•”ŒS”ü˜a’¬‘åš‰Ô³š‘å‹´,•MŠE–¢’è’n-3008335,ŠC•”ŒS”ü˜a’¬‘åš‰Ô³š‘å‹´,22-3
23422-1814-1.zip,202202041337,ŠC•”ŒS”ü˜a’¬‘åš‰Ô³š‘å‹´,•MŠE–¢’è’n-3008335,ŠC•”ŒS”ü˜a’¬‘åš‰Ô³š‘å‹´,26-3
23422-1814-1.zip,202202041337,ŠC•”ŒS”ü˜a’¬‘åš‰Ô³š‘å‹´,•MŠE–¢’è’n-3008335,ŠC•”ŒS”ü˜a’¬‘åš‰Ô³š‘å‹´,27-3
23422-1814-1.zip,202202041337,ŠC•”ŒS”ü˜a’¬‘åš‰Ô³š‘å‹´,•MŠE–¢’è’n-3008335,ŠC•”ŒS”ü˜a’¬‘åš‰Ô³š‘å‹´,32-3
23422-1814-1.zip,202202041337,ŠC•”ŒS”ü˜a’¬‘åš‰Ô³šŠ|“üæ,•MŠE–¢’è’n-3008336,ŠC•”ŒS”ü˜a’¬‘åš‰Ô³šŠ|“üæ,6-3
23422-1814-1.zip,202202041337,ŠC•”ŒS”ü˜a’¬‘åš‰Ô³šŠ|“üæ,•MŠE–¢’è’n-3008336,ŠC•”ŒS”ü˜a’¬‘åš‰Ô³šŠ|“üæ,11-3
23422-1814-1.zip,202202041337,ŠC•”ŒS”ü˜a’¬‘åš‰Ô³šŠ|“üæ,•MŠE–¢’è’n-3008336,ŠC•”ŒS”ü˜a’¬‘åš‰Ô³šŠ|“üæ,12-3
23422-1814-1.zip,202202041337,ŠC•”ŒS”ü˜a’¬‘åš‰Ô³šŠ|“üæ,•MŠE–¢’è’n-3008336,ŠC•”ŒS”ü˜a’¬‘åš‰Ô³šŠ|“üæ,13-3
23422-1814-1.zip,202202041337,ŠC•”ŒS”ü˜a’¬‘åš‰Ô³šå„,•MŠE–¢’è’n-3037781,ŠC•”ŒS”ü˜a’¬‘åš‰Ô³šå„,15-3
23422-1814-1.zip,202202041337,ŠC•”ŒS”ü˜a’¬‘åš‰Ô³šå„,•MŠE–¢’è’n-3037781,ŠC•”ŒS”ü˜a’¬‘åš‰Ô³šå„,16-3
23422-1814-1.zip,202202041337,ŠC•”ŒS”ü˜a’¬‘åš‰Ô³šå„,•MŠE–¢’è’n-3037781,ŠC•”ŒS”ü˜a’¬‘åš‰Ô³šå„,36-3
23422-1814-1.zip,202202041337,ŠC•”ŒS”ü˜a’¬‘åš‰Ô³šå„,•MŠE–¢’è’n-3037781,ŠC•”ŒS”ü˜a’¬‘åš‰Ô³šå„,49-3
23422-1814-1.zip,202202041337,ŠC•”ŒS”ü˜a’¬‘åš‰Ô³š’†”’R,•MŠE–¢’è’n-3038620,ŠC•”ŒS”ü˜a’¬‘åš‰Ô³š’†”’R,65-2
23422-1814-2.zip,202202041337,ŠC•”ŒS”ü˜a’¬‘åš–ØÜš‹{V‹K,•MŠE–¢’è’n-3059137,ŠC•”ŒS”ü˜a’¬‘åš–ØÜš‹{V‹K,“¹-20
